ID,MUNICIPIO,GRUPO_CAUSA667,SUBGRUPO_CAUSA667,SEXO,2005,2006,2007,2008,2009,2010,2011,2012,2013,2014,2015,2016,2017,2018,2019,2020,2021,2022
1,CUCUTA,100 - ENFERMEDADES TRANSMISIBLES,101 - ENFERMEDADES INFECCIOSAS INTESTINALES,FEMENINO,3.71,1.86,2.22,1.74,1.02,2.07,1.34,1.64,2.21,1.79,2.07,1.75,4.6,3.08,4.54,3.21,1.4,1.63
2,CUCUTA,100 - ENFERMEDADES TRANSMISIBLES,101 - ENFERMEDADES INFECCIOSAS INTESTINALES,MASCULINO,2.11,1.21,2.95,3.47,3.17,1.4,1.07,1.44,2.82,2.99,0.31,1.93,2.32,5.01,3.95,3.95,1.63,2.14
3,CUCUTA,100 - ENFERMEDADES TRANSMISIBLES,101 - ENFERMEDADES INFECCIOSAS INTESTINALES,TOTAL,3.01,1.52,2.65,2.62,2.09,1.71,1.28,1.53,2.43,2.32,1.29,1.84,3.61,3.82,4.3,3.41,1.49,1.9
4,CUCUTA,100 - ENFERMEDADES TRANSMISIBLES,102 - TUBERCULOSIS,FEMENINO,4.87,1.24,2.48,3.86,2.13,2.68,3.36,2.58,2.18,1.23,3.04,1.24,2.06,1.99,2.07,0.99,1.33,1.15
5,CUCUTA,100 - ENFERMEDADES TRANSMISIBLES,102 - TUBERCULOSIS,MASCULINO,9.93,13.95,7.91,10.3,10.73,6.9,8.36,8.16,6.65,11.03,6.31,7.74,6.68,7.59,3.11,3.51,4.19,5.07
6,CUCUTA,100 - ENFERMEDADES TRANSMISIBLES,102 - TUBERCULOSIS,TOTAL,7.22,6.88,4.94,6.69,6.01,4.56,5.61,5.02,4.22,5.54,4.43,4.14,4.13,4.4,2.58,2.11,2.64,2.96
7,CUCUTA,100 - ENFERMEDADES TRANSMISIBLES,103 - CIERTAS ENFERMEDADES TRANSMITIDAS POR VECTORES Y RABIA,FEMENINO,1.61,2.87,1.63,2.62,1.98,1.62,1.64,0.6,0.93,1.64,0.59,1.13,0.83,1.13,0.92,1.35,0.65,0.17
8,CUCUTA,100 - ENFERMEDADES TRANSMISIBLES,103 - CIERTAS ENFERMEDADES TRANSMITIDAS POR VECTORES Y RABIA,MASCULINO,3.76,2.51,3.25,1.76,2.02,4.24,2.24,1.87,3.69,2.01,2.52,4.86,3.01,3.37,3.84,2.51,0.82,1.55
9,CUCUTA,100 - ENFERMEDADES TRANSMISIBLES,103 - CIERTAS ENFERMEDADES TRANSMITIDAS POR VECTORES Y RABIA,TOTAL,2.62,2.72,2.41,2.16,1.94,2.83,1.91,1.19,2.18,1.81,1.46,2.75,1.81,2.13,2.21,1.85,0.74,0.78
10,CUCUTA,100 - ENFERMEDADES TRANSMISIBLES,104 - CIERTAS ENFERMEDADES INMUNOPREVENIBLES,FEMENINO,0.38,0.43,,0.39,0.4,0.36,0.29,,0.97,0.62,,,0.29,0.3,0,0.48,0.68,0
11,CUCUTA,100 - ENFERMEDADES TRANSMISIBLES,104 - CIERTAS ENFERMEDADES INMUNOPREVENIBLES,MASCULINO,1.45,1.01,0.51,0.96,1.49,0.37,,1.02,1.74,1.15,0.39,,0,0.34,1.44,0.49,1.05,0.81
12,CUCUTA,100 - ENFERMEDADES TRANSMISIBLES,104 - CIERTAS ENFERMEDADES INMUNOPREVENIBLES,TOTAL,0.89,0.68,0.24,0.65,0.93,0.37,0.15,0.49,1.34,0.87,0.18,,0.15,0.32,0.66,0.5,0.84,0.37
13,CUCUTA,100 - ENFERMEDADES TRANSMISIBLES,105 - MENINGITIS,FEMENINO,0.3,1.04,0.32,,0.98,0.32,0.32,0.29,0.63,1.24,0.91,0.91,0.8,0.59,1.05,0.52,0.59,0
14,CUCUTA,100 - ENFERMEDADES TRANSMISIBLES,105 - MENINGITIS,MASCULINO,0.96,,0.75,1.76,1.82,,0.47,0.35,0.28,0.43,0.91,0.74,1.79,1.59,0.59,0.55,0.85,0.54
15,CUCUTA,100 - ENFERMEDADES TRANSMISIBLES,105 - MENINGITIS,TOTAL,0.62,0.55,0.51,0.83,1.37,0.16,0.36,0.31,0.47,0.84,0.92,0.8,1.33,1.07,0.83,0.53,0.67,0.26
16,CUCUTA,100 - ENFERMEDADES TRANSMISIBLES,"106 - SEPTICEMIA, EXCEPTO NEONATAL",FEMENINO,8.52,8.6,6.76,7.85,8.09,3.18,1.66,2.35,2.32,4.28,1.26,1.53,1.5,2.32,0.44,1.28,1,1.5
17,CUCUTA,100 - ENFERMEDADES TRANSMISIBLES,"106 - SEPTICEMIA, EXCEPTO NEONATAL",MASCULINO,12,5.26,5.08,8.52,5.31,6.63,4.39,3.35,3.91,4.17,1.75,1.56,0.71,1.74,0.85,1.72,1.36,2.75
18,CUCUTA,100 - ENFERMEDADES TRANSMISIBLES,"106 - SEPTICEMIA, EXCEPTO NEONATAL",TOTAL,10.01,7.22,6.05,8.12,6.7,4.75,2.91,2.76,3.03,4.25,1.55,1.5,1.17,2.04,0.59,1.49,1.17,2.05
19,CUCUTA,100 - ENFERMEDADES TRANSMISIBLES,107 - ENFERMEDAD POR EL VIH (SIDA),FEMENINO,6.67,7.29,5.35,3.08,7.26,7.4,6.37,3.51,3.66,4.41,4.21,4.59,2.1,5.2,4.01,2.69,4.73,3.58
20,CUCUTA,100 - ENFERMEDADES TRANSMISIBLES,107 - ENFERMEDAD POR EL VIH (SIDA),MASCULINO,22.43,18.39,20.85,14.39,15.3,17.77,18.58,17.19,18.98,19.22,13.7,16.99,18.57,15.67,14.54,12.56,12.63,8.64
21,CUCUTA,100 - ENFERMEDADES TRANSMISIBLES,107 - ENFERMEDAD POR EL VIH (SIDA),TOTAL,14.09,12.5,12.56,8.33,11.01,12.26,12.11,9.88,10.74,11.3,8.65,10.34,9.85,10.15,8.88,7.27,8.57,5.96
22,CUCUTA,100 - ENFERMEDADES TRANSMISIBLES,108 - INFECCIONES RESPIRATORIAS AGUDAS,FEMENINO,16.65,18.08,12.08,13.54,19.46,22.17,16.98,13.3,18.02,23.4,27.01,34.84,25.08,33.03,23.72,24.11,19.96,14.3
23,CUCUTA,100 - ENFERMEDADES TRANSMISIBLES,108 - INFECCIONES RESPIRATORIAS AGUDAS,MASCULINO,25.83,27,22,18.68,23.1,30.35,19.25,16.15,28.48,28.45,39.18,38.68,38.45,51.32,33.01,49.09,32.86,22.73
24,CUCUTA,100 - ENFERMEDADES TRANSMISIBLES,108 - INFECCIONES RESPIRATORIAS AGUDAS,TOTAL,20.68,22.06,16.47,15.75,21.38,25.66,18.05,14.55,22.72,25.57,32.32,36.59,31.18,40.75,27.62,35.06,25.67,17.99
25,CUCUTA,100 - ENFERMEDADES TRANSMISIBLES,109 - RESTO DE CIERTAS ENFERMEDADES INFECCIOSAS Y PARASITARIAS,FEMENINO,1.84,1.62,2.45,2.62,2.45,2.46,1.29,2.91,2.23,2.16,1.78,1.18,1.44,1.43,3.43,1.81,2.23,2.85
26,CUCUTA,100 - ENFERMEDADES TRANSMISIBLES,109 - RESTO DE CIERTAS ENFERMEDADES INFECCIOSAS Y PARASITARIAS,MASCULINO,4.82,3.94,3.1,4.26,4.62,1.54,2.9,2.45,4.49,2.71,3.61,2.96,3.72,4.03,1.75,1.99,3.28,3.37
27,CUCUTA,100 - ENFERMEDADES TRANSMISIBLES,109 - RESTO DE CIERTAS ENFERMEDADES INFECCIOSAS Y PARASITARIAS,TOTAL,3.17,2.64,2.73,3.37,3.45,2.05,2.05,2.75,3.21,2.39,2.62,1.93,2.44,2.58,2.67,1.94,2.75,3.1
28,CUCUTA,100 - ENFERMEDADES TRANSMISIBLES,TOTAL,FEMENINO,44.54,43.04,33.29,35.7,43.77,42.24,33.25,27.18,33.13,40.77,40.87,47.16,38.7,49.07,40.18,36.45,32.56,25.18
29,CUCUTA,100 - ENFERMEDADES TRANSMISIBLES,TOTAL,MASCULINO,83.3,73.27,66.41,64.1,67.56,69.19,57.25,51.98,71.04,72.17,68.69,75.46,75.25,90.66,63.07,76.35,58.68,47.61
30,CUCUTA,100 - ENFERMEDADES TRANSMISIBLES,TOTAL,TOTAL,62.3,56.77,48.56,48.51,54.88,54.34,44.44,38.47,50.34,54.88,53.42,59.89,55.67,67.27,50.33,54.15,44.53,35.37
31,CUCUTA,200 - NEOPLASIAS,201 - TUMOR MALIGNO DEL ESTÓMAGO,FEMENINO,18.49,17.33,16.57,15.28,15.32,15.18,15.81,20.09,14.95,15.03,14.15,11.55,9.46,10.21,7.82,8.82,6.1,7.13
32,CUCUTA,200 - NEOPLASIAS,201 - TUMOR MALIGNO DEL ESTÓMAGO,MASCULINO,28.69,24.36,26.38,25.8,21.07,25.49,29.9,23.25,27.85,19.95,24.67,23.86,21.59,23.69,21.29,21.53,20.69,19.44
33,CUCUTA,200 - NEOPLASIAS,201 - TUMOR MALIGNO DEL ESTÓMAGO,TOTAL,23.04,20.49,21.05,19.88,17.89,19.87,22.1,21.33,20.64,17.15,18.8,17.07,14.74,16.02,13.77,14.36,12.43,12.5
34,CUCUTA,200 - NEOPLASIAS,202 - TUMOR MALIGNO DEL COLON Y DE LA UNIÓN RECTOSIGMOIDEA,FEMENINO,8.03,4.04,5.15,6.5,5.09,7.49,6.08,6.87,7.29,6.2,6.35,9.04,6.67,6.54,10.01,8.68,7.35,6.59
35,CUCUTA,200 - NEOPLASIAS,202 - TUMOR MALIGNO DEL COLON Y DE LA UNIÓN RECTOSIGMOIDEA,MASCULINO,2.44,7.14,4.68,6.88,2.54,7.9,6.15,7.67,7.43,8.21,6.53,7.92,7.29,10.74,8.4,6.09,6.95,7.67
36,CUCUTA,200 - NEOPLASIAS,202 - TUMOR MALIGNO DEL COLON Y DE LA UNIÓN RECTOSIGMOIDEA,TOTAL,5.57,5.47,4.95,6.66,3.89,7.66,6.11,7.29,7.33,6.98,6.37,8.6,6.95,8.32,9.25,7.64,7.18,7.04
37,CUCUTA,200 - NEOPLASIAS,"203 - TUMOR MALIGNO DE LOS ÓRGANOS DIGESTIVOS Y DEL PERITONEO, EXCEPTO ESTÓMAGO Y COLON",FEMENINO,15.29,13.53,13.39,17.13,15.72,18.67,17.95,16.54,10.97,18.72,14.8,14.14,18.26,16.4,13.69,16.46,12.25,13.58
38,CUCUTA,200 - NEOPLASIAS,"203 - TUMOR MALIGNO DE LOS ÓRGANOS DIGESTIVOS Y DEL PERITONEO, EXCEPTO ESTÓMAGO Y COLON",MASCULINO,19.16,19.33,15.89,22.89,15.75,22.97,16.69,17.4,19.26,22.49,21.09,24.2,20.78,22.22,25.17,16.67,23.36,16.29
39,CUCUTA,200 - NEOPLASIAS,"203 - TUMOR MALIGNO DE LOS ÓRGANOS DIGESTIVOS Y DEL PERITONEO, EXCEPTO ESTÓMAGO Y COLON",TOTAL,16.98,16.16,14.53,19.59,15.64,20.54,17.47,16.95,14.62,20.08,17.6,18.44,19.37,19,18.74,16.55,17,14.83
40,CUCUTA,200 - NEOPLASIAS,"204 - TUMOR MALIGNO DE LA TRÁQUEA, LOS BRONQUIOS Y EL PULMÓN",FEMENINO,11.45,10.67,11.79,7.35,9.67,9.87,11.25,12.03,9.03,10.08,12.04,9.38,12.57,10.99,10.74,8.54,5.52,10.65
41,CUCUTA,200 - NEOPLASIAS,"204 - TUMOR MALIGNO DE LA TRÁQUEA, LOS BRONQUIOS Y EL PULMÓN",MASCULINO,16.03,18.94,25.05,20.15,24.3,19.56,24.76,19.85,18.02,21.19,23.51,19.91,20.31,16.23,13.49,12.1,11.98,13.28
42,CUCUTA,200 - NEOPLASIAS,"204 - TUMOR MALIGNO DE LA TRÁQUEA, LOS BRONQUIOS Y EL PULMÓN",TOTAL,13.54,14.29,17.61,13.03,16,14.07,17.11,15.42,12.99,14.88,17.02,13.93,15.99,13.23,11.95,10.15,8.24,11.71
43,CUCUTA,200 - NEOPLASIAS,"205 - TUMOR MALIGNO DE LOS ÓRGANOS RESPIRATORIOS E INTRATORÁCICOS, EXCEPTO TRÁQUEA, BRONQUIOS Y PULMÓN",FEMENINO,1.24,0.46,1.16,2.23,1.01,,2.09,1,1.26,0.98,0.87,0.61,0.58,1.43,0.9,1.32,0.2,1.87
44,CUCUTA,200 - NEOPLASIAS,"205 - TUMOR MALIGNO DE LOS ÓRGANOS RESPIRATORIOS E INTRATORÁCICOS, EXCEPTO TRÁQUEA, BRONQUIOS Y PULMÓN",MASCULINO,3.54,5.43,3.39,3.52,2.24,2.56,4.47,3.11,3.29,2.03,4.61,4.87,5.17,3.43,4.46,3.14,4.21,2.88
45,CUCUTA,200 - NEOPLASIAS,"205 - TUMOR MALIGNO DE LOS ÓRGANOS RESPIRATORIOS E INTRATORÁCICOS, EXCEPTO TRÁQUEA, BRONQUIOS Y PULMÓN",TOTAL,2.29,2.71,2.13,2.8,1.5,1.16,3.11,1.93,2.14,1.44,2.52,2.46,2.61,2.33,2.47,2.13,1.95,2.29
46,CUCUTA,200 - NEOPLASIAS,206 - TUMOR MALIGNO DE LA MAMA DE LA MUJER,FEMENINO,18.01,13.37,12.12,11.12,12.03,13.65,16.32,14.1,14.25,18.51,17.87,18.55,19.86,16.99,13.65,20.22,16.64,21.16
47,CUCUTA,200 - NEOPLASIAS,206 - TUMOR MALIGNO DE LA MAMA DE LA MUJER,TOTAL,18.01,13.37,12.12,11.12,12.03,13.65,16.32,14.1,14.25,18.51,17.87,18.55,19.86,16.99,13.65,20.22,16.64,21.16
48,CUCUTA,200 - NEOPLASIAS,207 - TUMOR MALIGNO DEL CUELLO DEL ÚTERO,FEMENINO,19.26,14.5,14.92,9.02,12.5,8.9,9.35,8.16,7.1,6.56,8.23,8.98,9.2,11.96,11.62,8.54,9.92,11.94
49,CUCUTA,200 - NEOPLASIAS,207 - TUMOR MALIGNO DEL CUELLO DEL ÚTERO,TOTAL,19.26,14.5,14.92,9.02,12.5,8.9,9.35,8.16,7.1,6.56,8.23,8.98,9.2,11.96,11.62,8.54,9.92,11.94
50,CUCUTA,200 - NEOPLASIAS,208 - TUMOR MALIGNO DEL CUERPO DEL ÚTERO,FEMENINO,1.25,,,0.77,0.69,,0.39,0.69,1.04,1.23,1.53,1.19,1.4,1.86,1.81,1.33,1.86,1.27
51,CUCUTA,200 - NEOPLASIAS,208 - TUMOR MALIGNO DEL CUERPO DEL ÚTERO,TOTAL,1.25,,,0.77,0.69,,0.39,0.69,1.04,1.23,1.53,1.19,1.4,1.86,1.81,1.33,1.86,1.27
52,CUCUTA,200 - NEOPLASIAS,"209 - TUMOR MALIGNO DEL ÚTERO, PARTE NO ESPECIFICADA",FEMENINO,0.81,0.43,3.78,4.75,1.82,1.47,3.36,0.63,2.46,0.93,1.49,2.1,0.52,1.72,1.41,1.67,1.88,1.64
53,CUCUTA,200 - NEOPLASIAS,"209 - TUMOR MALIGNO DEL ÚTERO, PARTE NO ESPECIFICADA",TOTAL,0.81,0.43,3.78,4.75,1.82,1.47,3.36,0.63,2.46,0.93,1.49,2.1,0.52,1.72,1.41,1.67,1.88,1.64
54,CUCUTA,200 - NEOPLASIAS,210 - TUMOR MALIGNO DE LA PRÓSTATA,MASCULINO,19.92,19.45,20.89,21.99,22.9,18.87,21.05,18.65,20.04,18.48,24.62,17.96,22.91,20.18,17.53,16.43,17.84,15.61
55,CUCUTA,200 - NEOPLASIAS,210 - TUMOR MALIGNO DE LA PRÓSTATA,TOTAL,19.92,19.45,20.89,21.99,22.9,18.87,21.05,18.65,20.04,18.48,24.62,17.96,22.91,20.18,17.53,16.43,17.84,15.61
56,CUCUTA,200 - NEOPLASIAS,211 - TUMOR MALIGNO DE OTROS ÓRGANOS GENITOURINARIOS,FEMENINO,4.07,8,6.83,5.29,7.23,6.61,10.01,5.49,7.72,8.44,7.44,6.71,11.5,8.92,7.94,9.14,5.89,7.19
57,CUCUTA,200 - NEOPLASIAS,211 - TUMOR MALIGNO DE OTROS ÓRGANOS GENITOURINARIOS,MASCULINO,3.66,3.61,5.62,6.94,4.69,4.67,6.17,7.55,3.88,4.03,5.74,6.99,4.5,8.16,5.78,7.41,8.03,8.46
58,CUCUTA,200 - NEOPLASIAS,211 - TUMOR MALIGNO DE OTROS ÓRGANOS GENITOURINARIOS,TOTAL,3.89,6.05,6.26,5.88,6,5.69,8.27,6.4,6.07,6.51,6.68,6.82,8.39,8.61,6.93,8.39,6.89,7.74
59,CUCUTA,200 - NEOPLASIAS,212 - LEUCEMIA,FEMENINO,5.06,6.19,4.32,4.46,3.28,4.01,2.82,3.9,2.75,3.91,4.54,3,5.63,2.86,5.34,3.72,4.78,2.85
60,CUCUTA,200 - NEOPLASIAS,212 - LEUCEMIA,MASCULINO,6.51,7.92,8.08,8.55,6.9,2.31,5.17,6.46,5.49,5.79,6.39,6.51,5.49,8.16,4,4.04,3.87,6.46
61,CUCUTA,200 - NEOPLASIAS,212 - LEUCEMIA,TOTAL,5.8,6.96,6.02,6.28,4.95,3.25,3.93,5.07,4.05,4.82,5.45,4.67,5.52,5.28,4.65,3.89,4.19,4.49
62,CUCUTA,200 - NEOPLASIAS,"213 - TUMOR MALIGNO DEL TEJIDO LINFÁTICO, DE OTROS ÓRGANOS HEMATOPOYÉTICOS Y DE TEJIDOS AFINES",FEMENINO,1.22,3.92,5.31,1.77,4.44,3.08,3.08,4.45,3.9,5.21,3.25,3.19,5.87,4.69,4.26,4.18,2.89,3.79
63,CUCUTA,200 - NEOPLASIAS,"213 - TUMOR MALIGNO DEL TEJIDO LINFÁTICO, DE OTROS ÓRGANOS HEMATOPOYÉTICOS Y DE TEJIDOS AFINES",MASCULINO,7.86,5.48,7.47,3.67,7.4,4.29,8.33,3.14,4.11,3.76,6.29,6.35,5.28,10.87,7.48,7.49,5.29,6.38
64,CUCUTA,200 - NEOPLASIAS,"213 - TUMOR MALIGNO DEL TEJIDO LINFÁTICO, DE OTROS ÓRGANOS HEMATOPOYÉTICOS Y DE TEJIDOS AFINES",TOTAL,4.3,4.66,6.24,2.68,5.78,3.61,5.39,3.9,4.17,4.56,4.6,4.61,5.55,7.47,5.71,5.6,3.92,4.88
65,CUCUTA,200 - NEOPLASIAS,214 - TUMORES MALIGNOS DE OTRAS LOCALIZACIONES Y DE LAS NO ESPECIFICADAS,FEMENINO,16.04,20.44,16.35,14.3,15.83,16.04,17.62,17.08,10.42,13.38,16.62,16.01,19.22,15.19,13.52,14.84,10.44,14.33
66,CUCUTA,200 - NEOPLASIAS,214 - TUMORES MALIGNOS DE OTRAS LOCALIZACIONES Y DE LAS NO ESPECIFICADAS,MASCULINO,24.21,26.88,22.9,26.78,21.8,22.08,24.48,21.33,23.53,22.69,16.35,16.27,20.22,23.59,23.37,19.19,18.3,21.34
67,CUCUTA,200 - NEOPLASIAS,214 - TUMORES MALIGNOS DE OTRAS LOCALIZACIONES Y DE LAS NO ESPECIFICADAS,TOTAL,19.85,23.29,19.31,19.64,18.47,18.64,20.59,18.91,16.31,17.36,16.56,16.15,19.7,18.84,17.63,16.81,13.94,17.56
68,CUCUTA,200 - NEOPLASIAS,"215 - TUMORES IN SITU, BENIGNOS Y LOS DE COMPORTAMIENTO INCIERTO O DESCONOCIDO",FEMENINO,,,1.94,2.13,3.5,5.72,7.95,7.56,12.07,10.05,9.78,7.28,9.75,8.91,4.78,5.81,5.14,5.94
69,CUCUTA,200 - NEOPLASIAS,"215 - TUMORES IN SITU, BENIGNOS Y LOS DE COMPORTAMIENTO INCIERTO O DESCONOCIDO",MASCULINO,2.69,2.43,1.38,0.51,3.29,8.45,7.64,8.38,10.57,9.81,11.28,16.76,8.51,8.05,10.19,8.13,8.05,9.23
70,CUCUTA,200 - NEOPLASIAS,"215 - TUMORES IN SITU, BENIGNOS Y LOS DE COMPORTAMIENTO INCIERTO O DESCONOCIDO",TOTAL,1.23,1.09,1.68,1.44,3.38,6.89,7.8,7.89,11.33,9.96,10.49,11.36,9.34,8.47,7.11,6.85,6.53,7.44
71,CUCUTA,200 - NEOPLASIAS,TOTAL,FEMENINO,120.22,112.87,113.63,102.09,108.13,110.69,124.06,118.61,105.22,119.25,118.96,111.72,130.48,118.66,107.47,113.26,90.88,109.92
72,CUCUTA,200 - NEOPLASIAS,TOTAL,MASCULINO,134.71,140.97,141.73,147.67,133.37,139.6,154.81,136.79,143.48,138.87,151.08,151.95,142.05,155.33,141.14,122.21,128.55,127.3
73,CUCUTA,200 - NEOPLASIAS,TOTAL,TOTAL,126.5,125.16,125.4,121.35,118.35,122.83,136.96,125.91,121.94,126.66,132.59,128.96,134.94,134.08,121.29,116.94,106.58,117.13
74,CUCUTA,300 - ENFERMEDADES SISTEMA CIRCULATORIO,301 - FIEBRE REUMÁTICA AGUDA Y ENFERMEDADES CARDÍACAS REUMÁTICAS CRÓNICAS,FEMENINO,0.47,1.63,0.84,1.06,,1.76,0.33,0.67,1.93,0.88,,0.29,0.28,0.3,0.25,0,0,0.2
75,CUCUTA,300 - ENFERMEDADES SISTEMA CIRCULATORIO,301 - FIEBRE REUMÁTICA AGUDA Y ENFERMEDADES CARDÍACAS REUMÁTICAS CRÓNICAS,MASCULINO,1.51,0.57,,,,0.93,1.15,0.72,,,0.35,,0,0,0.27,0.28,0,0
76,CUCUTA,300 - ENFERMEDADES SISTEMA CIRCULATORIO,301 - FIEBRE REUMÁTICA AGUDA Y ENFERMEDADES CARDÍACAS REUMÁTICAS CRÓNICAS,TOTAL,0.94,1.12,0.47,0.57,,1.4,0.71,0.71,1.04,0.48,0.16,0.14,0.17,0.16,0.28,0.11,0,0.11
77,CUCUTA,300 - ENFERMEDADES SISTEMA CIRCULATORIO,302 - ENFERMEDADES HIPERTENSIVAS,FEMENINO,16.45,12.72,12.01,13.93,14.15,18.93,19.38,15.81,18.27,21.94,26.35,20.4,23.7,32.62,19.35,26.24,23.28,24.33
78,CUCUTA,300 - ENFERMEDADES SISTEMA CIRCULATORIO,302 - ENFERMEDADES HIPERTENSIVAS,MASCULINO,17.34,18.8,16.72,22.72,16.48,23.79,22.95,23.39,22.93,27.05,27.21,28.94,30.73,33.15,25.84,45.06,32.53,32.08
79,CUCUTA,300 - ENFERMEDADES SISTEMA CIRCULATORIO,302 - ENFERMEDADES HIPERTENSIVAS,TOTAL,16.83,15.4,14.11,17.76,15.18,21.26,20.92,19.24,20.41,24.23,26.86,24.04,26.72,33.1,22.01,34.31,27.24,27.71
80,CUCUTA,300 - ENFERMEDADES SISTEMA CIRCULATORIO,303 - ENFERMEDADES ISQUÉMICAS DEL CORAZÓN,FEMENINO,46.26,50.14,53.14,55.63,51.02,65.05,63.43,77.32,94.15,90.03,72.57,63.58,71.4,74.96,57.26,66.2,85.46,84.28
81,CUCUTA,300 - ENFERMEDADES SISTEMA CIRCULATORIO,303 - ENFERMEDADES ISQUÉMICAS DEL CORAZÓN,MASCULINO,99.2,94.23,72.34,103.45,93.85,104.26,110.49,135.19,151,151.58,125.4,122.66,124.94,130.89,99.21,127.89,157.49,155.56
82,CUCUTA,300 - ENFERMEDADES SISTEMA CIRCULATORIO,303 - ENFERMEDADES ISQUÉMICAS DEL CORAZÓN,TOTAL,70.05,69.98,61.75,77.1,70.39,82.5,84.51,102.74,119.16,116.92,96.1,89.49,94.49,99.23,75.59,93.14,116.48,115.2
83,CUCUTA,300 - ENFERMEDADES SISTEMA CIRCULATORIO,"304 - ENFERMEDAD CARDIOPULMONAR, ENFERMEDADES DE LA CIRCULACIÓN PULMONAR",FEMENINO,20.13,16.61,19.39,10.45,18.09,16.78,14.98,13.94,15.91,12.91,16.19,14.99,12.73,18.26,11.33,13.3,9.88,15.11
84,CUCUTA,300 - ENFERMEDADES SISTEMA CIRCULATORIO,"304 - ENFERMEDAD CARDIOPULMONAR, ENFERMEDADES DE LA CIRCULACIÓN PULMONAR",MASCULINO,20.3,21.26,18.77,19.1,21.42,12.86,15.7,15.46,13.19,23.65,19.72,17.43,18.13,16.26,21.85,18.81,20.04,18.19
85,CUCUTA,300 - ENFERMEDADES SISTEMA CIRCULATORIO,"304 - ENFERMEDAD CARDIOPULMONAR, ENFERMEDADES DE LA CIRCULACIÓN PULMONAR",TOTAL,20.3,18.72,19.31,14.28,19.6,15.15,15.32,14.68,14.78,17.55,17.84,16.27,15.27,17.45,15.93,15.65,14.39,16.44
86,CUCUTA,300 - ENFERMEDADES SISTEMA CIRCULATORIO,305 - PARO CARDÍACO,FEMENINO,0.33,,0.37,,0.37,0.33,0.32,0.32,,,,,0,0,0,0,0,0
87,CUCUTA,300 - ENFERMEDADES SISTEMA CIRCULATORIO,305 - PARO CARDÍACO,MASCULINO,,,,,,0.46,,,,,,,0,0,0,0,0,0
88,CUCUTA,300 - ENFERMEDADES SISTEMA CIRCULATORIO,305 - PARO CARDÍACO,TOTAL,0.18,,0.2,,0.22,0.39,0.19,0.19,,,,,0,0,0,0,0,0
89,CUCUTA,300 - ENFERMEDADES SISTEMA CIRCULATORIO,306 - INSUFICIENCIA CARDÍACA,FEMENINO,56.91,51.95,43.04,44.68,41.43,23.97,22.83,10.12,5.91,6.54,6.86,5.17,4.26,4.14,1.52,1.32,2.25,2.31
90,CUCUTA,300 - ENFERMEDADES SISTEMA CIRCULATORIO,306 - INSUFICIENCIA CARDÍACA,MASCULINO,63.17,76.67,63.55,51.65,44.99,42.19,27.68,7.67,9.19,7.65,8.43,6.73,6.93,9.44,4,4.68,4.72,1.65
91,CUCUTA,300 - ENFERMEDADES SISTEMA CIRCULATORIO,306 - INSUFICIENCIA CARDÍACA,TOTAL,59.59,62.89,52.14,47.78,43.16,32,25.03,9.03,7.39,6.98,7.61,5.94,5.4,6.46,2.54,2.75,3.38,2.03
92,CUCUTA,300 - ENFERMEDADES SISTEMA CIRCULATORIO,307 - ENFERMEDADES CEREBROVASCULARES,FEMENINO,51.88,58.96,48.58,50.41,55.72,50.54,46.99,41.7,42.32,40.63,45.17,45.33,44.11,49.23,35.55,29.48,30.48,27.85
93,CUCUTA,300 - ENFERMEDADES SISTEMA CIRCULATORIO,307 - ENFERMEDADES CEREBROVASCULARES,MASCULINO,53.08,62.2,52.04,61.05,51.02,61.39,49.17,36.62,51.97,44.22,49.92,57.3,50.92,46.65,40.22,42.81,35.11,36.87
94,CUCUTA,300 - ENFERMEDADES SISTEMA CIRCULATORIO,307 - ENFERMEDADES CEREBROVASCULARES,TOTAL,52.58,60.48,50.03,55.3,53.78,55.31,48.01,39.46,46.5,42.42,47.41,50.74,47.11,48.36,37.77,35.27,32.47,31.99
95,CUCUTA,300 - ENFERMEDADES SISTEMA CIRCULATORIO,308 - ATEROSCLEROSIS,FEMENINO,,,,0.39,,,,0.32,,,,0.29,0.55,0.56,0,0.24,0.18,0
96,CUCUTA,300 - ENFERMEDADES SISTEMA CIRCULATORIO,308 - ATEROSCLEROSIS,MASCULINO,0.5,0.53,1.38,0.47,0.94,,,0.91,,,0.42,,0,0,0,0,0,0.81
97,CUCUTA,300 - ENFERMEDADES SISTEMA CIRCULATORIO,308 - ATEROSCLEROSIS,TOTAL,0.22,0.23,0.61,0.43,0.42,,,0.57,,,0.17,0.17,0.32,0.33,0,0.14,0.11,0.34
98,CUCUTA,300 - ENFERMEDADES SISTEMA CIRCULATORIO,309 - LAS DEMÁS ENFERMEDADES DEL SISTEMA CIRCULATORIO,FEMENINO,6.05,3.31,5.41,5.18,6.7,4.97,6.64,2.96,5.1,4.02,5.42,6.11,4.32,3.91,4.78,4.39,3.63,3.81
99,CUCUTA,300 - ENFERMEDADES SISTEMA CIRCULATORIO,309 - LAS DEMÁS ENFERMEDADES DEL SISTEMA CIRCULATORIO,MASCULINO,11.43,7.83,5.79,6.72,5.78,6.98,10.61,5.11,4.8,8.45,6.68,9.43,7.17,7.53,9.76,4.3,5,6.76
100,CUCUTA,300 - ENFERMEDADES SISTEMA CIRCULATORIO,309 - LAS DEMÁS ENFERMEDADES DEL SISTEMA CIRCULATORIO,TOTAL,8.44,5.3,5.56,5.83,6.26,5.9,8.4,3.89,4.97,6.04,6.04,7.67,5.55,5.43,6.91,4.4,4.22,5.12
101,CUCUTA,300 - ENFERMEDADES SISTEMA CIRCULATORIO,TOTAL,FEMENINO,198.49,195.32,182.77,181.71,187.47,182.34,174.9,163.16,183.59,176.95,172.55,156.16,161.36,183.99,130.03,141.16,155.14,157.9
102,CUCUTA,300 - ENFERMEDADES SISTEMA CIRCULATORIO,TOTAL,MASCULINO,266.54,282.08,230.6,265.16,234.48,252.85,237.76,225.07,253.06,262.58,238.15,242.48,238.82,243.91,201.15,243.84,254.88,251.92
103,CUCUTA,300 - ENFERMEDADES SISTEMA CIRCULATORIO,TOTAL,TOTAL,229.12,234.13,204.17,219.06,209,213.9,203.09,190.5,214.25,214.61,202.19,194.46,195.02,210.52,161.03,185.77,198.27,198.95
104,CUCUTA,500 - CAUSAS EXTERNAS,501 - ACCIDENTES DE TRANSPORTE TERRESTRE,FEMENINO,4.53,7.39,4.79,8.04,7.93,7.35,2.7,6.31,6.57,6.49,5.03,5.86,6.65,6.08,3.44,5.24,2.62,5.63
105,CUCUTA,500 - CAUSAS EXTERNAS,501 - ACCIDENTES DE TRANSPORTE TERRESTRE,MASCULINO,26.25,25.94,27.83,31.6,35.57,28.88,22.82,27.76,35.51,26.78,35.56,22.94,21.84,25.69,21.66,13.07,18.23,20.96
106,CUCUTA,500 - CAUSAS EXTERNAS,501 - ACCIDENTES DE TRANSPORTE TERRESTRE,TOTAL,14.66,16.17,15.54,19.11,20.83,17.49,12.2,16.32,20.01,15.87,19.33,13.7,13.68,15.15,12.05,9,9.86,12.98
107,CUCUTA,500 - CAUSAS EXTERNAS,502 - LOS DEMÁS ACCIDENTES DE TRANSPORTE Y LOS NO ESPECIFICADOS,FEMENINO,,,,,,,,,,,,,0,0,0,0,0,0
108,CUCUTA,500 - CAUSAS EXTERNAS,502 - LOS DEMÁS ACCIDENTES DE TRANSPORTE Y LOS NO ESPECIFICADOS,MASCULINO,,,0.66,,,,0.65,0.39,0.31,,,,0,0,0,0,0,0
109,CUCUTA,500 - CAUSAS EXTERNAS,502 - LOS DEMÁS ACCIDENTES DE TRANSPORTE Y LOS NO ESPECIFICADOS,TOTAL,,,0.31,,,,0.32,0.18,0.15,,,,0,0,0,0,0,0
110,CUCUTA,500 - CAUSAS EXTERNAS,503 - CAÍDAS,FEMENINO,1.19,0.31,0.76,0.79,0.69,,0.36,0.63,0.31,0.3,0.3,0.86,0.29,1.43,1.98,1.87,4.29,1.56
111,CUCUTA,500 - CAUSAS EXTERNAS,503 - CAÍDAS,MASCULINO,2.27,4.31,3.5,3.86,3.43,1.08,4.27,2.08,2.44,4.28,3.21,5.42,4.76,4.27,3.8,4.38,6.29,4.4
112,CUCUTA,500 - CAUSAS EXTERNAS,503 - CAÍDAS,TOTAL,1.72,2.12,2.07,2.19,1.93,0.52,2.13,1.35,1.31,2.14,1.64,2.92,2.23,2.71,2.82,3.03,5.2,2.78
113,CUCUTA,500 - CAUSAS EXTERNAS,504 - ACCIDENTES POR DISPARO DE ARMA DE FUEGO,FEMENINO,,,,,,,,,,,,,0,0,0,0,0,0
114,CUCUTA,500 - CAUSAS EXTERNAS,504 - ACCIDENTES POR DISPARO DE ARMA DE FUEGO,MASCULINO,0.77,,,,0.37,,,0.35,0.78,0.68,,,0,0.26,0,0.23,0.24,0
115,CUCUTA,500 - CAUSAS EXTERNAS,504 - ACCIDENTES POR DISPARO DE ARMA DE FUEGO,TOTAL,0.38,,,,0.17,,,0.16,0.34,0.32,,,0,0.13,0,0.12,0.12,0
116,CUCUTA,500 - CAUSAS EXTERNAS,505 - AHOGAMIENTO Y SUMERSIÓN ACCIDENTALES,FEMENINO,0.6,0.58,0.95,0.28,,1.21,0.57,0.64,0.31,0.27,0.59,1.18,0.29,0.61,0.31,0.52,1.08,0
117,CUCUTA,500 - CAUSAS EXTERNAS,505 - AHOGAMIENTO Y SUMERSIÓN ACCIDENTALES,MASCULINO,4.2,3.01,2.94,4.16,2.75,1.93,1.16,2.19,1.52,1.2,1.51,2.7,0.99,3.34,2.08,2.74,4.13,2.67
118,CUCUTA,500 - CAUSAS EXTERNAS,505 - AHOGAMIENTO Y SUMERSIÓN ACCIDENTALES,TOTAL,2.33,1.77,1.89,2.12,1.37,1.58,0.87,1.39,0.91,0.72,0.97,1.92,0.59,1.93,1.17,1.6,2.55,1.24
119,CUCUTA,500 - CAUSAS EXTERNAS,506 - ACCIDENTES QUE OBSTRUYEN LA RESPIRACIÓN,FEMENINO,1.38,1.3,2.51,2.36,,2,0.65,0.68,0.94,0.93,1.75,1.55,0.29,0.83,0.61,0.3,0.47,0.22
120,CUCUTA,500 - CAUSAS EXTERNAS,506 - ACCIDENTES QUE OBSTRUYEN LA RESPIRACIÓN,MASCULINO,3.15,1.64,2.56,3.85,4.58,2.2,4.49,3.57,2.94,1.15,1.49,0.88,3.26,2.15,0.59,1.32,0.82,1.59
121,CUCUTA,500 - CAUSAS EXTERNAS,506 - ACCIDENTES QUE OBSTRUYEN LA RESPIRACIÓN,TOTAL,2.18,1.47,2.59,3.06,2.19,2.1,2.39,2.03,1.96,1.01,1.62,1.29,1.68,1.42,0.61,0.79,0.61,0.87
122,CUCUTA,500 - CAUSAS EXTERNAS,507 - EXPOSICIÓN A LA CORRIENTE ELÉCTRICA,FEMENINO,,0.69,,0.27,,0.32,,0.29,0.6,,,,0.33,0.3,0,0,0,0
123,CUCUTA,500 - CAUSAS EXTERNAS,507 - EXPOSICIÓN A LA CORRIENTE ELÉCTRICA,MASCULINO,1.71,1.27,1.94,1.69,1.07,1.77,0.69,,2.67,1.18,1.06,0.71,1.33,0.31,0.8,0.23,1.23,0.46
124,CUCUTA,500 - CAUSAS EXTERNAS,507 - EXPOSICIÓN A LA CORRIENTE ELÉCTRICA,TOTAL,0.82,0.95,0.91,0.94,0.5,1,0.33,0.15,1.6,0.58,0.5,0.33,0.78,0.32,0.39,0.11,0.6,0.23
125,CUCUTA,500 - CAUSAS EXTERNAS,"508 - EXPOSICIÓN AL HUMO, FUEGO Y LLAMAS",FEMENINO,0.63,0.28,,0.69,0.77,0.32,0.91,0.68,0.31,0.29,,,0.59,0.32,0.19,0.25,1.66,0
126,CUCUTA,500 - CAUSAS EXTERNAS,"508 - EXPOSICIÓN AL HUMO, FUEGO Y LLAMAS",MASCULINO,2.12,2.38,1.7,1.67,2.16,2.21,1.15,1.03,1.41,1.98,1.39,0.56,0.59,0,0,0.3,1.88,1.01
127,CUCUTA,500 - CAUSAS EXTERNAS,"508 - EXPOSICIÓN AL HUMO, FUEGO Y LLAMAS",TOTAL,1.34,1.24,0.82,1.12,1.44,1.18,1.01,0.85,0.82,1.02,0.63,0.28,0.62,0.17,0.11,0.27,1.78,0.44
128,CUCUTA,500 - CAUSAS EXTERNAS,"509 - ENVENENAMIENTO ACCIDENTAL POR, Y EXPOSICIÓN A SUSTANCIAS NOCIVAS",FEMENINO,,,,0.42,,,,,,,0.62,0.59,0.82,0.28,0.27,0,0,0.24
129,CUCUTA,500 - CAUSAS EXTERNAS,"509 - ENVENENAMIENTO ACCIDENTAL POR, Y EXPOSICIÓN A SUSTANCIAS NOCIVAS",MASCULINO,,0.39,0.8,0.98,0.37,,0.37,0.73,0.35,1.28,2.45,0.26,1.95,0.92,1.04,2.34,1.23,1.96
130,CUCUTA,500 - CAUSAS EXTERNAS,"509 - ENVENENAMIENTO ACCIDENTAL POR, Y EXPOSICIÓN A SUSTANCIAS NOCIVAS",TOTAL,,0.18,0.38,0.7,0.17,,0.17,0.34,0.16,0.62,1.48,0.43,1.33,0.57,0.64,1.11,0.6,1.08
131,CUCUTA,500 - CAUSAS EXTERNAS,510 - LOS DEMÁS ACCIDENTES,FEMENINO,1.1,0.37,0.29,0.63,0.98,0.65,0.95,0.63,1.52,0.59,0.91,0.6,2.66,1.15,3.06,2.65,2.26,1.03
132,CUCUTA,500 - CAUSAS EXTERNAS,510 - LOS DEMÁS ACCIDENTES,MASCULINO,4.39,5.4,9.45,6.52,6.03,4.46,2.75,3.13,6.13,4.22,5.93,4.53,4.86,4.41,5.22,8.21,6.33,5.85
133,CUCUTA,500 - CAUSAS EXTERNAS,510 - LOS DEMÁS ACCIDENTES,TOTAL,2.68,2.74,4.59,3.33,3.28,2.48,1.82,1.84,3.69,2.3,3.29,2.39,3.65,2.75,4.18,5.24,4.23,3.37
134,CUCUTA,500 - CAUSAS EXTERNAS,511 - LESIONES AUTOINFLIGIDAS INTENCIONALMENTE (SUICIDIOS),FEMENINO,3.17,1.55,0.89,1.56,2.26,1.74,0.83,1.51,1.21,1.76,1.71,0.83,2.87,2.55,1.28,0.67,1.57,1.48
135,CUCUTA,500 - CAUSAS EXTERNAS,511 - LESIONES AUTOINFLIGIDAS INTENCIONALMENTE (SUICIDIOS),MASCULINO,11.39,10.14,9.37,10.62,13.45,9.68,10.03,8.47,10.3,11.84,9.32,8.98,10.69,10.74,8.14,7.41,7.48,7.39
136,CUCUTA,500 - CAUSAS EXTERNAS,511 - LESIONES AUTOINFLIGIDAS INTENCIONALMENTE (SUICIDIOS),TOTAL,7,5.61,4.78,5.8,7.52,5.37,5.12,4.72,5.46,6.38,5.29,4.63,6.49,6.35,4.42,3.88,4.23,4.24
137,CUCUTA,500 - CAUSAS EXTERNAS,512 - AGRESIONES (HOMICIDIOS),FEMENINO,10.07,9.88,7.55,9.53,9.51,7.7,8.02,11.46,6.38,5.83,5.84,8.26,3.78,4.85,2.66,3.87,4.74,2.78
138,CUCUTA,500 - CAUSAS EXTERNAS,512 - AGRESIONES (HOMICIDIOS),MASCULINO,149.44,128.4,138.83,109.7,119.09,97.71,93.73,118.21,88.24,63.76,63.36,77.79,72.67,56.06,52.54,59.88,59.39,54.93
139,CUCUTA,500 - CAUSAS EXTERNAS,512 - AGRESIONES (HOMICIDIOS),TOTAL,75.9,66.2,69.61,56.89,61.53,50.7,48.93,62.16,45.69,33.61,33.46,41.69,36.85,29.52,26.7,31.17,31.53,28.3
140,CUCUTA,500 - CAUSAS EXTERNAS,513 - EVENTOS DE INTENCIÓN NO DETERMINADA,FEMENINO,1.82,0.85,1.98,1.43,1.02,2.7,3,2.94,2.24,2.87,1.53,2.38,0.91,2.32,2.02,0.58,1.3,0.55
141,CUCUTA,500 - CAUSAS EXTERNAS,513 - EVENTOS DE INTENCIÓN NO DETERMINADA,MASCULINO,4.8,12.31,9.62,7.32,4.79,6.69,6.15,5.58,6.77,6.35,3.67,2.8,4.85,5.39,4.05,3.32,2.72,3.83
142,CUCUTA,500 - CAUSAS EXTERNAS,513 - EVENTOS DE INTENCIÓN NO DETERMINADA,TOTAL,3.2,6.23,5.46,4.27,2.76,4.55,4.46,4.15,4.34,4.62,2.46,2.6,2.69,3.78,2.99,1.84,1.88,2.04
143,CUCUTA,500 - CAUSAS EXTERNAS,514 - LAS DEMÁS CAUSAS EXTERNAS,FEMENINO,,,0.31,,,0.31,,,,,,0.32,0.28,0,0,0.25,0.41,0
144,CUCUTA,500 - CAUSAS EXTERNAS,514 - LAS DEMÁS CAUSAS EXTERNAS,MASCULINO,2.17,0.71,,1.01,1.87,2.8,1.7,0.35,0.31,1.73,0.85,1.06,1.96,0.32,0.85,0.56,0,0.5
145,CUCUTA,500 - CAUSAS EXTERNAS,514 - LAS DEMÁS CAUSAS EXTERNAS,TOTAL,1.03,0.34,0.16,0.48,0.91,1.51,0.81,0.16,0.15,0.8,0.42,0.66,1.07,0.15,0.4,0.4,0.24,0.22
146,CUCUTA,500 - CAUSAS EXTERNAS,TOTAL,FEMENINO,24.5,23.21,20.04,26.01,23.16,24.31,18,25.77,20.39,19.32,18.27,22.44,19.77,20.72,15.82,16.19,20.38,13.48
147,CUCUTA,500 - CAUSAS EXTERNAS,TOTAL,MASCULINO,212.65,195.9,209.19,182.99,195.53,159.43,149.97,173.85,159.67,126.43,129.8,128.63,129.74,113.87,100.77,103.98,109.95,105.56
148,CUCUTA,500 - CAUSAS EXTERNAS,TOTAL,TOTAL,113.22,105.02,109.11,100.02,104.6,88.47,80.56,95.81,86.59,69.99,71.1,72.83,71.66,64.95,56.47,58.55,63.42,57.81
149,CUCUTA,600 - TODAS LAS DEMÁS ENFERMEDADES,601 - DIABETES MELLITUS,FEMENINO,38.17,40.35,38.95,39.52,29.28,35.36,34.87,38.04,31.58,37.9,33.05,22.21,27.12,26.72,25.21,27.36,18.5,18.66
150,CUCUTA,600 - TODAS LAS DEMÁS ENFERMEDADES,601 - DIABETES MELLITUS,MASCULINO,34.63,46.33,29.43,41.11,38.37,45.72,46.28,51.89,40.5,34.47,30.13,27.98,33.03,35.82,30.03,39.35,28.61,21.31
151,CUCUTA,600 - TODAS LAS DEMÁS ENFERMEDADES,601 - DIABETES MELLITUS,TOTAL,36.73,43.02,34.69,40.26,33.4,40.25,39.8,44.21,35.51,36.49,31.79,24.87,29.76,30.79,27.33,32.7,22.65,19.9
152,CUCUTA,600 - TODAS LAS DEMÁS ENFERMEDADES,602 - DEFICIENCIAS NUTRICIONALES Y ANEMIAS NUTRICIONALES,FEMENINO,4.84,4.66,3.84,5.55,3.5,3.52,6.68,11.66,8.28,6.15,6.23,7.85,5.42,10.99,5.62,4.33,10.5,11.14
153,CUCUTA,600 - TODAS LAS DEMÁS ENFERMEDADES,602 - DEFICIENCIAS NUTRICIONALES Y ANEMIAS NUTRICIONALES,MASCULINO,4.57,6.14,5.97,7.21,5.55,5.72,8.66,9.35,8.82,8.64,9.12,10.74,14.61,13.17,10.98,8.12,15.99,13.05
154,CUCUTA,600 - TODAS LAS DEMÁS ENFERMEDADES,602 - DEFICIENCIAS NUTRICIONALES Y ANEMIAS NUTRICIONALES,TOTAL,4.73,5.25,4.8,6.3,4.44,4.47,7.53,10.66,8.55,7.3,7.47,9.2,9.35,11.9,8.11,6.01,12.86,12.11
155,CUCUTA,600 - TODAS LAS DEMÁS ENFERMEDADES,603 - TRASTORNOS MENTALES Y DEL COMPORTAMIENTO,FEMENINO,0.77,,0.36,,1.02,0.31,0.65,,0.66,1.23,0.95,0.87,1.4,1.09,1.56,2.11,1.72,1.93
156,CUCUTA,600 - TODAS LAS DEMÁS ENFERMEDADES,603 - TRASTORNOS MENTALES Y DEL COMPORTAMIENTO,MASCULINO,0.55,,0.48,1.92,0.37,0.46,,0.72,,0.85,2.36,0.84,0.81,0.4,0.81,2.95,2.45,2.26
157,CUCUTA,600 - TODAS LAS DEMÁS ENFERMEDADES,603 - TRASTORNOS MENTALES Y DEL COMPORTAMIENTO,TOTAL,0.69,,0.41,0.83,0.76,0.36,0.38,0.32,0.38,1.06,1.54,0.85,1.17,0.81,1.28,2.54,2.06,2.07
158,CUCUTA,600 - TODAS LAS DEMÁS ENFERMEDADES,"604 - ENFERMEDADES DEL SISTEMA NERVIOSO, EXCEPTO MENINGITIS",FEMENINO,4.8,5.71,8.19,8,8.17,9.75,8.67,9.08,7.52,9.34,6.33,8.43,7.73,10.49,7.95,12.38,9.96,6.87
159,CUCUTA,600 - TODAS LAS DEMÁS ENFERMEDADES,"604 - ENFERMEDADES DEL SISTEMA NERVIOSO, EXCEPTO MENINGITIS",MASCULINO,7.26,8.03,8.4,11.9,12.43,9.23,11.62,5.85,10.81,10.97,12.71,9.01,10.05,12.08,12.55,17.83,14.9,10.96
160,CUCUTA,600 - TODAS LAS DEMÁS ENFERMEDADES,"604 - ENFERMEDADES DEL SISTEMA NERVIOSO, EXCEPTO MENINGITIS",TOTAL,5.97,6.63,8.19,9.79,10.09,9.5,10.14,7.63,9.05,10.08,9.33,8.8,8.81,11.16,10.19,14.77,12.18,8.81
161,CUCUTA,600 - TODAS LAS DEMÁS ENFERMEDADES,605 - ENFERMEDADES CRÓNICAS DE LAS VÍAS RESPIRATORIAS INFERIORES,FEMENINO,14,17.86,18.37,24.57,28.79,31.09,27.78,30.47,29.99,31.75,35.97,36.87,40.37,44.62,31.18,18.99,17.9,19.14
162,CUCUTA,600 - TODAS LAS DEMÁS ENFERMEDADES,605 - ENFERMEDADES CRÓNICAS DE LAS VÍAS RESPIRATORIAS INFERIORES,MASCULINO,23.85,33.76,34.09,43.68,48.11,47.33,45.98,53.26,41.84,49.19,50.68,54.7,58.14,62.06,52.9,36.84,33.47,32.63
163,CUCUTA,600 - TODAS LAS DEMÁS ENFERMEDADES,605 - ENFERMEDADES CRÓNICAS DE LAS VÍAS RESPIRATORIAS INFERIORES,TOTAL,18.35,24.75,25.15,32.86,37.19,38.27,35.48,40.21,35.09,39.28,42.22,44.38,47.78,51.92,40.41,26.47,24.44,24.9
164,CUCUTA,600 - TODAS LAS DEMÁS ENFERMEDADES,606 - RESTO DE ENFERMEDADES DEL SISTEMA RESPIRATORIO,FEMENINO,6.98,15.33,14.05,17.25,16.04,13,6.99,10.03,6,8.58,7.49,7.54,5.91,10.02,5.15,4.84,4.49,4.67
165,CUCUTA,600 - TODAS LAS DEMÁS ENFERMEDADES,606 - RESTO DE ENFERMEDADES DEL SISTEMA RESPIRATORIO,MASCULINO,18.64,22.13,20.44,19.91,26.04,13.77,11.45,16.66,14.13,16.83,10.88,8.49,12.81,14.52,8.61,6.66,9.4,7.9
166,CUCUTA,600 - TODAS LAS DEMÁS ENFERMEDADES,606 - RESTO DE ENFERMEDADES DEL SISTEMA RESPIRATORIO,TOTAL,12.32,18.16,17.01,18.32,20.56,13.37,9.01,12.91,9.53,12.21,8.95,8.05,8.85,12.09,6.72,5.58,6.59,6.14
167,CUCUTA,600 - TODAS LAS DEMÁS ENFERMEDADES,"607 - APENDICITIS, HERNIA DE LA CAVIDAD ABDOMINAL Y OBSTRUCCIÓN INTESTINAL",FEMENINO,5.6,3.96,4.41,4.83,3.81,5.08,5.94,4.27,4.1,3.97,3.29,6.16,6.04,6.37,5.94,3.52,4.08,4.89
168,CUCUTA,600 - TODAS LAS DEMÁS ENFERMEDADES,"607 - APENDICITIS, HERNIA DE LA CAVIDAD ABDOMINAL Y OBSTRUCCIÓN INTESTINAL",MASCULINO,3.49,3.83,3.94,4.7,9.61,4.32,4.52,4.37,4.89,4.72,6.34,5.41,5.09,8.79,5.89,6.41,4.24,4.45
169,CUCUTA,600 - TODAS LAS DEMÁS ENFERMEDADES,"607 - APENDICITIS, HERNIA DE LA CAVIDAD ABDOMINAL Y OBSTRUCCIÓN INTESTINAL",TOTAL,4.69,3.93,4.22,4.82,6.27,4.75,5.34,4.3,4.43,4.33,4.61,5.89,5.63,7.38,5.93,4.84,4.13,4.73
170,CUCUTA,600 - TODAS LAS DEMÁS ENFERMEDADES,608 - CIRROSIS Y CIERTAS OTRAS ENFERMEDADES CRÓNICAS DEL HÍGADO,FEMENINO,10.14,8.32,9.5,9.21,9.96,9.34,6.27,6.55,5.73,7.13,7.27,10.87,8.45,8.59,6.69,5.15,6.42,4.71
171,CUCUTA,600 - TODAS LAS DEMÁS ENFERMEDADES,608 - CIRROSIS Y CIERTAS OTRAS ENFERMEDADES CRÓNICAS DEL HÍGADO,MASCULINO,21.62,28.94,27.51,22.15,23.14,18.57,18.29,21.82,22.44,22.57,19.93,18.55,15.84,20.58,18.09,9.9,13.25,11.69
172,CUCUTA,600 - TODAS LAS DEMÁS ENFERMEDADES,608 - CIRROSIS Y CIERTAS OTRAS ENFERMEDADES CRÓNICAS DEL HÍGADO,TOTAL,15.31,17.62,17.56,15.11,15.83,13.53,11.72,13.32,13.09,14.06,12.98,14.19,11.87,14,11.64,7.13,9.49,7.86
173,CUCUTA,600 - TODAS LAS DEMÁS ENFERMEDADES,609 - RESTO DE ENFERMEDADES DEL SISTEMA DIGESTIVO,FEMENINO,16.97,20.01,22.45,16.61,19.67,15.64,17.7,20.46,17.11,15.11,24.18,16.83,14.89,23.59,13.84,16.84,14.69,14.15
174,CUCUTA,600 - TODAS LAS DEMÁS ENFERMEDADES,609 - RESTO DE ENFERMEDADES DEL SISTEMA DIGESTIVO,MASCULINO,27.15,24.49,25.81,30.37,36.75,25.01,25.81,23.82,25.04,25.28,18.83,25.21,19.43,28.98,20.63,17.59,15.02,22.45
175,CUCUTA,600 - TODAS LAS DEMÁS ENFERMEDADES,609 - RESTO DE ENFERMEDADES DEL SISTEMA DIGESTIVO,TOTAL,21.53,21.93,23.97,22.89,27.15,19.84,21.35,22.02,20.53,19.43,21.82,20.46,16.92,25.98,16.76,17.22,14.81,17.83
176,CUCUTA,600 - TODAS LAS DEMÁS ENFERMEDADES,610 - ENFERMEDADES DEL SISTEMA URINARIO,FEMENINO,6.92,11.21,9.95,11.44,15.69,16.52,12.57,13.34,18.24,22.11,25.31,20.75,19.74,17.83,12.33,8.24,7.71,8.49
177,CUCUTA,600 - TODAS LAS DEMÁS ENFERMEDADES,610 - ENFERMEDADES DEL SISTEMA URINARIO,MASCULINO,18.7,17.5,15.48,27.14,19.17,22.06,21.96,20.45,19.88,31.89,36.03,25.85,29.21,29.2,12.49,10.31,8.58,11.67
178,CUCUTA,600 - TODAS LAS DEMÁS ENFERMEDADES,610 - ENFERMEDADES DEL SISTEMA URINARIO,TOTAL,12.1,14.16,12.28,18.37,17.14,19.13,16.62,16.29,18.89,26.17,29.88,22.98,23.91,22.67,12.48,9.09,8.17,9.83
179,CUCUTA,600 - TODAS LAS DEMÁS ENFERMEDADES,611 - HIPERPLASIA DE LA PRÓSTATA,MASCULINO,,0.98,0.48,0.47,0.46,0.44,2.29,3.13,1.77,0.86,4.12,2.45,3.53,1.91,3.8,2.18,1.37,1.81
180,CUCUTA,600 - TODAS LAS DEMÁS ENFERMEDADES,611 - HIPERPLASIA DE LA PRÓSTATA,TOTAL,,0.42,0.2,0.2,0.2,0.21,0.97,1.3,0.76,0.35,1.72,1.02,1.48,0.79,1.6,0.91,0.58,0.73
181,CUCUTA,600 - TODAS LAS DEMÁS ENFERMEDADES,"612 - EMBARAZO, PARTO Y PUERPERIO",FEMENINO,2.57,1.29,1.87,0.31,1.18,2.77,0.58,1.56,0.6,0.9,1.11,1.74,2.27,2.26,3.27,2.39,2.87,1.95
182,CUCUTA,600 - TODAS LAS DEMÁS ENFERMEDADES,"612 - EMBARAZO, PARTO Y PUERPERIO",TOTAL,1.35,0.67,0.97,0.16,0.61,1.44,0.29,0.82,0.31,0.46,0.55,0.89,1.15,1.14,1.66,1.19,1.45,0.98
183,CUCUTA,600 - TODAS LAS DEMÁS ENFERMEDADES,"613 - MALFORMACIONES CONGÉNITAS, DEFORMIDADES Y ANOMALÍAS CROMOSÓMICAS",FEMENINO,4.97,5.64,8.59,10.19,9.64,6.03,7.99,6.42,6.38,7.32,6.77,7.31,4.99,7.7,7.81,7.62,8.47,8.27
184,CUCUTA,600 - TODAS LAS DEMÁS ENFERMEDADES,"613 - MALFORMACIONES CONGÉNITAS, DEFORMIDADES Y ANOMALÍAS CROMOSÓMICAS",MASCULINO,4.12,7.55,10.33,14.73,8.86,7.6,10.06,6.7,9.2,8.01,7.4,6.9,8.06,6.45,7.44,8.84,6.06,6.94
185,CUCUTA,600 - TODAS LAS DEMÁS ENFERMEDADES,"613 - MALFORMACIONES CONGÉNITAS, DEFORMIDADES Y ANOMALÍAS CROMOSÓMICAS",TOTAL,4.56,6.54,9.49,12.46,9.27,6.84,9.05,6.56,7.77,7.76,7.13,7.12,6.52,7.09,7.64,8.27,7.23,7.6
186,CUCUTA,600 - TODAS LAS DEMÁS ENFERMEDADES,614 - RESTO DE LAS ENFERMEDADES,FEMENINO,14.99,14.34,17.99,20.15,21.71,13.95,16.63,14.22,12.56,23.08,14.85,18.33,18.62,15.98,12.4,15.51,17.39,13.1
187,CUCUTA,600 - TODAS LAS DEMÁS ENFERMEDADES,614 - RESTO DE LAS ENFERMEDADES,MASCULINO,15.05,19.74,13.96,18.87,15.49,16.06,15.92,14.77,16.25,15.98,18.38,17.37,10.84,12.72,13.01,17.39,17.12,10.77
188,CUCUTA,600 - TODAS LAS DEMÁS ENFERMEDADES,614 - RESTO DE LAS ENFERMEDADES,TOTAL,15.03,16.58,16.26,19.55,18.97,14.94,16.51,14.41,14.09,20.12,16.48,17.92,15.29,14.61,12.65,16.16,17.42,12.12
189,CUCUTA,600 - TODAS LAS DEMÁS ENFERMEDADES,TOTAL,FEMENINO,131.71,148.68,158.52,167.63,168.46,162.37,153.33,166.09,148.75,174.56,172.8,165.76,162.95,186.24,138.94,129.28,124.71,117.95
190,CUCUTA,600 - TODAS LAS DEMÁS ENFERMEDADES,TOTAL,MASCULINO,179.63,219.44,196.33,244.16,244.36,216.28,222.83,232.77,215.57,230.24,226.92,213.49,221.46,246.67,197.23,184.36,170.46,157.88
191,CUCUTA,600 - TODAS LAS DEMÁS ENFERMEDADES,TOTAL,TOTAL,153.36,179.66,175.21,201.94,201.86,186.89,184.19,194.96,177.98,199.11,196.49,186.63,188.47,212.33,164.39,152.87,144.07,135.59
192,CUCUTA,"700 - SIGNOS, SÍNTOMAS Y AFECCIONES MAL DEFINIDAS","701 - SIGNOS, SÍNTOMAS Y AFECCIONES MAL DEFINIDAS",FEMENINO,8.11,12.04,13.36,16.49,12.4,11.7,15.98,2.23,2.22,2.47,3.33,3.84,3.48,4.65,2.57,1.25,0.24,2.23
193,CUCUTA,"700 - SIGNOS, SÍNTOMAS Y AFECCIONES MAL DEFINIDAS","701 - SIGNOS, SÍNTOMAS Y AFECCIONES MAL DEFINIDAS",MASCULINO,8.55,18.52,18.77,22.35,17,12.15,16.28,6.76,6.24,7.41,5.59,9.19,11.41,11.1,5.36,2.16,2.13,2.12
194,CUCUTA,"700 - SIGNOS, SÍNTOMAS Y AFECCIONES MAL DEFINIDAS","701 - SIGNOS, SÍNTOMAS Y AFECCIONES MAL DEFINIDAS",TOTAL,8.34,14.95,15.88,19.24,14.37,11.95,16.27,4.29,4.03,4.66,4.42,6.37,6.97,7.58,3.91,1.68,1.1,2.13
195,CUCUTA,"700 - SIGNOS, SÍNTOMAS Y AFECCIONES MAL DEFINIDAS",TOTAL,FEMENINO,8.11,12.04,13.36,16.49,12.4,11.7,15.98,2.23,2.22,2.47,3.33,3.84,3.48,4.65,2.57,1.25,0.24,2.23
196,CUCUTA,"700 - SIGNOS, SÍNTOMAS Y AFECCIONES MAL DEFINIDAS",TOTAL,MASCULINO,8.55,18.52,18.77,22.35,17,12.15,16.28,6.76,6.24,7.41,5.59,9.19,11.41,11.1,5.36,2.16,2.13,2.12
197,CUCUTA,"700 - SIGNOS, SÍNTOMAS Y AFECCIONES MAL DEFINIDAS",TOTAL,TOTAL,8.34,14.95,15.88,19.24,14.37,11.95,16.27,4.29,4.03,4.66,4.42,6.37,6.97,7.58,3.91,1.68,1.1,2.13
